customer_code,group_code,segment_code,total_price,item_total_price,discount,last_purchase_date,qnt_days,is_churn
0,0,0,74215.11,84322.67,1,2018-06-08 00:00:00+00:00,54,0.0
1,0,0,83235.73999999999,90843.02,1,2018-03-12 00:00:00+00:00,142,0.0
2,0,0,96895.9,97535.97,1,2018-06-28 00:00:00+00:00,34,0.0
3,0,0,372830.99,383621.46,1,2018-05-08 00:00:00+00:00,85,0.0
4,0,0,99904.26,104040.89,1,2018-01-18 00:00:00+00:00,195,0.0
5,0,0,137621.38,161497.55000000002,1,2018-05-29 00:00:00+00:00,64,0.0
6,0,0,41312.68,41527.78,1,2018-04-04 00:00:00+00:00,119,0.0
7,0,0,49925.39,52668.68,1,2018-02-22 00:00:00+00:00,160,0.0
8,0,0,342972.56,359715.23,1,2018-05-23 00:00:00+00:00,70,0.0
9,0,0,38173.06,43140.76,1,2018-01-30 00:00:00+00:00,183,0.0
10,0,0,31446.379999999997,31757.37,1,2018-02-23 00:00:00+00:00,159,0.0
11,0,0,39776.66,44799.92,1,2018-01-12 00:00:00+00:00,201,0.0
12,0,0,50879.04,51081.46,0,2018-04-10 00:00:00+00:00,113,0.0
13,0,0,20939.98,24032.65,1,2018-04-05 00:00:00+00:00,118,0.0
14,0,0,80637.83,80725.15,0,2018-06-25 00:00:00+00:00,37,0.0
15,1,3,20558.94,20883.370000000003,1,2018-01-11 00:00:00+00:00,202,0.0
17,0,0,38279.450000000004,43387.520000000004,1,2018-05-21 00:00:00+00:00,72,0.0
18,0,0,30452.53,36238.65,1,2018-06-22 00:00:00+00:00,40,0.0
19,0,0,14997.64,14997.64,0,2018-03-20 00:00:00+00:00,134,0.0
20,0,0,8146.38,8308.53,1,2018-06-05 00:00:00+00:00,57,0.0
21,0,0,22202.01,22246.69,0,2018-05-10 00:00:00+00:00,83,0.0
22,0,0,105017.7,107938.86,1,2018-05-18 00:00:00+00:00,75,0.0
23,0,6,24977.66,28908.350000000002,1,2018-06-25 00:00:00+00:00,37,0.0
24,0,0,37442.26,37493.63,0,2018-06-20 00:00:00+00:00,42,0.0
25,0,0,16187.2,16187.2,0,2018-07-02 00:00:00+00:00,30,0.0
26,0,0,20840.03,23611.55,1,2018-06-20 00:00:00+00:00,42,0.0
27,0,4,31638.36,31638.36,0,2018-01-12 00:00:00+00:00,201,0.0
28,0,0,73307.48,73780.8,1,2018-05-17 00:00:00+00:00,76,0.0
29,0,0,237293.29,255870.23,1,2018-02-05 00:00:00+00:00,177,1.0
30,0,5,40380.88,46067.16,1,2018-03-08 00:00:00+00:00,146,0.0
31,0,0,34850.06,34895.61,0,2018-05-23 00:00:00+00:00,70,0.0
32,0,0,56624.12,64203.33,1,2018-05-28 00:00:00+00:00,65,0.0
33,0,0,61183.11,61183.11,0,2018-05-22 00:00:00+00:00,71,0.0
34,0,0,33132.63,33706.51,1,2018-04-18 00:00:00+00:00,105,0.0
35,0,0,39126.77,44919.92,1,2018-07-06 00:00:00+00:00,26,0.0
36,0,0,51837.76,52231.44,1,2018-06-18 00:00:00+00:00,44,0.0
37,0,0,23000.96,26345.61,1,2018-03-23 00:00:00+00:00,131,0.0
38,0,0,22911.25,23617.51,1,2018-06-20 00:00:00+00:00,42,0.0
39,0,0,111108.93,126870.58,1,2018-03-14 00:00:00+00:00,140,0.0
40,0,0,111377.4,125711.2,1,2018-05-23 00:00:00+00:00,70,0.0
41,0,0,12259.3,12259.3,0,2018-01-29 00:00:00+00:00,184,0.0
42,0,0,36936.72,42010.99,1,2018-06-13 00:00:00+00:00,49,0.0
43,0,0,23437.42,23554.13,0,2018-01-24 00:00:00+00:00,189,0.0
44,0,0,31883.99,37182.62,1,2018-02-28 00:00:00+00:00,154,0.0
45,0,0,25693.52,25693.52,0,2018-06-20 00:00:00+00:00,42,0.0
46,0,0,21907.51,22180.05,1,2018-01-10 00:00:00+00:00,203,0.0
47,0,0,26415.86,26766.43,1,2018-05-22 00:00:00+00:00,71,0.0
48,0,0,8622.29,8657.96,0,2018-02-23 00:00:00+00:00,159,0.0
49,0,0,15800.779999999999,17864.8,1,2018-06-20 00:00:00+00:00,42,0.0
50,0,0,37692.17,37749.02,0,2018-06-06 00:00:00+00:00,56,0.0
51,0,0,23642.190000000002,23706.55,0,2018-06-12 00:00:00+00:00,50,0.0
52,0,0,16476.6,16512.579999999998,0,2018-01-31 00:00:00+00:00,182,0.0
53,0,0,10932.97,10932.97,0,2018-06-12 00:00:00+00:00,50,0.0
54,0,0,194051.99,213869.17,1,2018-05-22 00:00:00+00:00,71,0.0
55,0,5,109044.06,109132.57,0,2018-06-26 00:00:00+00:00,36,0.0
56,0,0,18163.33,20650.11,1,2018-04-26 00:00:00+00:00,97,0.0
57,0,0,71342.69,77357.11,1,2018-06-26 00:00:00+00:00,36,0.0
58,0,0,59054.28,63591.67,1,2018-05-09 00:00:00+00:00,84,0.0
59,0,0,18809.23,18833.440000000002,0,2018-04-16 00:00:00+00:00,107,0.0
60,0,0,17319.35,17323.92,0,2018-05-17 00:00:00+00:00,76,0.0
61,1,3,32209.920000000002,32231.670000000002,0,2018-05-03 00:00:00+00:00,90,1.0
62,0,0,6212.1,6212.1,0,2018-04-10 00:00:00+00:00,113,1.0
63,0,0,27883.82,29770.06,1,2018-03-29 00:00:00+00:00,125,0.0
64,0,0,5091.31,5136.05,1,2018-07-03 00:00:00+00:00,29,0.0
65,0,0,15870.220000000001,16192.36,1,2018-01-12 00:00:00+00:00,201,0.0
67,0,0,102445.5,106681.76999999999,1,2018-05-29 00:00:00+00:00,64,0.0
68,0,0,7799.01,7807.55,0,2018-02-02 00:00:00+00:00,180,0.0
69,0,0,40026.12,40026.12,0,2018-03-21 00:00:00+00:00,133,0.0
70,0,0,14134.36,14408.45,1,2018-04-18 00:00:00+00:00,105,0.0
71,0,0,27913.74,28446.36,1,2018-02-09 00:00:00+00:00,173,0.0
72,0,0,14333.89,16782.8,1,2018-06-13 00:00:00+00:00,49,0.0
73,0,4,41924.46,46263.9,1,2018-04-22 00:00:00+00:00,101,0.0
74,0,0,7183.469999999999,8432.24,1,2018-05-04 00:00:00+00:00,89,0.0
75,0,0,141379.66,152893.23,1,2018-05-23 00:00:00+00:00,70,0.0
76,0,0,15107.15,17946.53,1,2018-06-20 00:00:00+00:00,42,0.0
77,0,0,19087.0,19148.07,0,2018-05-26 00:00:00+00:00,67,0.0
78,0,0,76794.31999999999,77139.19,0,2018-02-18 00:00:00+00:00,164,0.0
79,0,0,64829.14,76081.32,1,2018-06-11 00:00:00+00:00,51,0.0
80,0,0,26267.2,26913.16,1,2018-01-30 00:00:00+00:00,183,0.0
81,0,0,8420.73,9681.13,1,2018-06-22 00:00:00+00:00,40,0.0
82,0,0,23730.27,24301.14,1,2018-02-27 00:00:00+00:00,155,0.0
83,0,0,46512.65,52914.03,1,2018-06-05 00:00:00+00:00,57,0.0
84,0,0,29676.6,34493.82,1,2018-04-11 00:00:00+00:00,112,0.0
85,0,0,66613.87,68237.06,1,2018-06-21 00:00:00+00:00,41,0.0
86,0,1,14377.21,16886.43,1,2018-04-26 00:00:00+00:00,97,0.0
87,0,0,98015.15,98531.28,1,2018-04-18 00:00:00+00:00,105,0.0
88,0,0,17093.59,17525.6,1,2018-04-24 00:00:00+00:00,99,0.0
89,0,0,47867.68,51161.25,1,2018-01-19 00:00:00+00:00,194,0.0
90,0,0,57544.14,68723.6,1,2018-06-29 00:00:00+00:00,33,0.0
91,0,0,121865.19,121969.59,0,2018-05-23 00:00:00+00:00,70,0.0
92,0,4,34877.7,34882.13,0,2018-06-21 00:00:00+00:00,41,0.0
93,0,0,51176.79,52571.95,1,2018-03-21 00:00:00+00:00,133,0.0
94,0,0,21445.62,21556.46,1,2018-06-27 00:00:00+00:00,35,0.0
95,0,0,35628.07,35646.37,0,2018-06-25 00:00:00+00:00,37,0.0
96,0,0,35147.15,38042.17,1,2018-01-23 00:00:00+00:00,190,0.0
97,0,0,62057.07,70785.14,1,2018-06-21 00:00:00+00:00,41,0.0
98,0,0,22052.05,22464.19,1,2018-06-21 00:00:00+00:00,41,0.0
99,0,0,6562.5,6592.55,0,2018-04-23 00:00:00+00:00,100,0.0
100,0,0,32502.39,37386.43,1,2018-01-18 00:00:00+00:00,195,0.0
101,0,0,18108.56,18448.34,1,2018-05-22 00:00:00+00:00,71,0.0
102,0,0,13672.48,13693.72,0,2018-04-11 00:00:00+00:00,112,0.0
103,0,0,299417.85,327694.42,1,2018-06-25 00:00:00+00:00,37,0.0
104,0,0,18475.649999999998,18491.52,0,2018-05-16 00:00:00+00:00,77,0.0
105,0,0,29416.309999999998,34126.68,1,2018-03-21 00:00:00+00:00,133,0.0
106,0,0,106623.29,107643.98,1,2018-03-16 00:00:00+00:00,138,0.0
107,0,0,50518.9,51162.43,1,2018-04-23 00:00:00+00:00,100,0.0
108,0,0,14705.17,14956.96,1,2018-01-18 00:00:00+00:00,195,0.0
109,0,0,47312.41,47354.37,0,2018-04-23 00:00:00+00:00,100,0.0
110,0,4,505541.07,518509.44,1,2018-02-07 00:00:00+00:00,175,1.0
111,0,0,6454.13,7302.76,1,2018-02-08 00:00:00+00:00,174,0.0
112,2,2,59819.05,59913.79,0,2018-04-19 00:00:00+00:00,104,0.0
113,0,0,6214.9,7159.72,1,2018-04-10 00:00:00+00:00,113,0.0
114,2,2,1753902.1199999999,1924511.56,1,2018-07-07 00:00:00+00:00,25,1.0
115,0,0,8582.98,8582.98,0,2018-06-19 00:00:00+00:00,43,0.0
116,0,0,15943.44,15943.439999999999,0,2018-05-02 00:00:00+00:00,91,0.0
117,0,0,3713.88,3713.88,0,2018-07-03 00:00:00+00:00,29,0.0
118,0,0,42130.07,45787.35,1,2018-05-15 00:00:00+00:00,78,0.0
119,0,0,13754.51,13989.44,1,2018-04-18 00:00:00+00:00,105,0.0
120,0,0,14275.28,16714.350000000002,1,2018-05-30 00:00:00+00:00,63,0.0
121,0,5,249315.74,250051.97,0,2018-01-26 00:00:00+00:00,187,0.0
122,0,0,7662.74,10739.46,1,2018-01-22 00:00:00+00:00,191,0.0
123,0,0,35885.97,35978.090000000004,0,2018-07-05 00:00:00+00:00,27,0.0
124,0,0,43595.3,50152.229999999996,1,2018-04-30 00:00:00+00:00,93,0.0
125,0,4,32376.22,32396.27,0,2018-07-05 00:00:00+00:00,27,0.0
126,0,0,70723.99,72326.16,1,2018-06-26 00:00:00+00:00,36,0.0
127,0,0,29036.84,29566.93,1,2018-05-30 00:00:00+00:00,63,0.0
128,0,0,22354.21,24458.84,1,2018-05-14 00:00:00+00:00,79,0.0
129,0,0,96397.69,97102.15,1,2018-03-23 00:00:00+00:00,131,1.0
130,0,0,12319.52,12324.04,0,2018-01-18 00:00:00+00:00,195,0.0
131,0,0,15372.74,15372.74,0,2018-04-27 00:00:00+00:00,96,0.0
132,0,0,46333.46,47218.96,1,2018-06-21 00:00:00+00:00,41,0.0
133,0,0,68355.25,82027.45,1,2018-03-09 00:00:00+00:00,145,0.0
134,0,0,20214.33,20214.33,0,2018-06-14 00:00:00+00:00,48,0.0
135,0,0,23137.63,26186.05,1,2018-03-19 00:00:00+00:00,135,0.0
136,0,0,22059.52,24297.49,1,2018-03-15 00:00:00+00:00,139,0.0
137,0,0,36182.090000000004,36476.31,1,2018-06-18 00:00:00+00:00,44,0.0
138,0,6,13000.539999999999,13253.94,1,2018-02-21 00:00:00+00:00,161,0.0
139,0,0,26197.29,26203.05,0,2018-01-08 00:00:00+00:00,205,0.0
140,0,0,19764.309999999998,19801.059999999998,0,2018-05-10 00:00:00+00:00,83,0.0
141,0,0,15109.11,15884.93,1,2018-06-11 00:00:00+00:00,51,0.0
142,0,0,98541.95,110729.89,1,2018-02-22 00:00:00+00:00,160,0.0
143,0,0,48099.72,51201.8,1,2018-06-09 00:00:00+00:00,53,0.0
144,0,0,11797.26,13029.99,1,2018-05-28 00:00:00+00:00,65,0.0
145,0,0,139293.57,157530.03,1,2018-03-16 00:00:00+00:00,138,0.0
146,0,0,36211.37,40664.59,1,2018-03-29 00:00:00+00:00,125,0.0
147,0,0,34369.1,40672.52,1,2018-06-22 00:00:00+00:00,40,0.0
148,0,0,13252.06,13257.9,0,2018-06-12 00:00:00+00:00,50,0.0
149,0,1,19034.02,22365.300000000003,1,2018-03-29 00:00:00+00:00,125,0.0
150,1,3,16148.720000000001,18072.940000000002,1,2018-03-06 00:00:00+00:00,148,0.0
151,0,0,12800.17,14811.7,1,2018-05-23 00:00:00+00:00,70,0.0
152,0,4,11936.31,11954.93,0,2018-05-22 00:00:00+00:00,71,0.0
153,0,0,30605.239999999998,34773.25,1,2018-03-20 00:00:00+00:00,134,0.0
154,0,0,7375.6,7411.09,0,2018-06-11 00:00:00+00:00,51,0.0
155,0,4,28959.48,30575.91,1,2018-01-09 00:00:00+00:00,204,0.0
156,0,0,23374.2,27605.73,1,2018-05-22 00:00:00+00:00,71,0.0
157,0,0,117501.55,118760.21,1,2018-04-12 00:00:00+00:00,111,0.0
158,0,0,37153.020000000004,37403.47,1,2018-05-30 00:00:00+00:00,63,0.0
159,0,0,34381.97,38632.44,1,2018-04-20 00:00:00+00:00,103,0.0
160,0,4,164967.48,180376.09,1,2018-05-18 00:00:00+00:00,75,0.0
162,0,0,15823.28,17846.11,1,2018-06-18 00:00:00+00:00,44,0.0
163,0,0,33772.21,34043.12,1,2018-05-30 00:00:00+00:00,63,0.0
164,0,0,8437.91,8458.92,0,2018-04-24 00:00:00+00:00,99,0.0
165,0,4,20117.72,21915.62,1,2018-02-28 00:00:00+00:00,154,0.0
166,1,3,287824.82,324446.12,1,2018-05-15 00:00:00+00:00,78,1.0
167,0,0,19683.52,22900.14,1,2018-05-22 00:00:00+00:00,71,0.0
168,0,0,11095.58,12927.869999999999,1,2018-05-23 00:00:00+00:00,70,0.0
169,0,0,7850.81,7941.16,1,2018-02-21 00:00:00+00:00,161,0.0
170,0,0,18822.84,21905.75,1,2018-03-27 00:00:00+00:00,127,0.0
171,0,0,16509.78,16706.260000000002,1,2018-06-13 00:00:00+00:00,49,0.0
172,0,0,49017.4,57129.14,1,2018-05-07 00:00:00+00:00,86,0.0
173,0,0,27614.91,27660.8,0,2018-04-18 00:00:00+00:00,105,0.0
174,0,0,15146.99,17853.43,1,2018-02-05 00:00:00+00:00,177,0.0
175,0,5,95116.53,96389.27,1,2018-05-25 00:00:00+00:00,68,0.0
177,0,0,8140.2300000000005,8167.0,0,2018-04-27 00:00:00+00:00,96,0.0
178,0,0,95623.1,109928.74,1,2018-04-24 00:00:00+00:00,99,0.0
179,0,0,15006.68,17326.1,1,2018-05-23 00:00:00+00:00,70,0.0
180,0,0,26561.65,27340.76,1,2018-05-23 00:00:00+00:00,70,0.0
181,0,0,9690.97,9712.18,0,2018-02-21 00:00:00+00:00,161,0.0
182,0,6,12806.17,14833.550000000001,1,2018-05-23 00:00:00+00:00,70,0.0
183,0,0,10080.53,11247.35,1,2018-01-31 00:00:00+00:00,182,0.0
185,0,0,51689.66,53029.4,1,2018-06-27 00:00:00+00:00,35,0.0
186,0,0,50816.12,52138.15,1,2018-01-30 00:00:00+00:00,183,0.0
187,0,0,68015.09,68062.91,0,2018-07-04 00:00:00+00:00,28,0.0
188,0,6,7334.82,7540.33,1,2018-05-08 00:00:00+00:00,85,0.0
189,0,0,17122.920000000002,17819.59,1,2018-05-28 00:00:00+00:00,65,0.0
190,0,0,9274.18,10669.13,1,2018-04-24 00:00:00+00:00,99,0.0
191,0,0,26045.46,29240.58,1,2018-05-17 00:00:00+00:00,76,0.0
192,0,0,31990.28,34989.31,1,2018-06-22 00:00:00+00:00,40,0.0
193,0,0,24940.37,27937.52,1,2018-05-14 00:00:00+00:00,79,0.0
194,0,0,38651.49,39117.55,1,2018-06-25 00:00:00+00:00,37,0.0
195,0,0,20849.48,23725.0,1,2018-01-16 00:00:00+00:00,197,0.0
196,0,5,163726.02,190252.49,1,2018-03-13 00:00:00+00:00,141,0.0
197,0,0,39458.94,43466.78,1,2018-04-03 00:00:00+00:00,120,0.0
198,0,0,52758.18,58696.450000000004,1,2018-02-28 00:00:00+00:00,154,0.0
199,0,0,28595.079999999998,33837.63,1,2018-04-17 00:00:00+00:00,106,0.0
200,0,0,5661.75,5667.28,0,2018-06-19 00:00:00+00:00,43,0.0
201,0,0,13032.48,13375.98,1,2018-06-07 00:00:00+00:00,55,0.0
202,0,0,24181.620000000003,24861.03,1,2018-02-22 00:00:00+00:00,160,0.0
203,0,0,54989.89,59873.770000000004,1,2018-02-20 00:00:00+00:00,162,0.0
204,0,0,17749.97,18057.71,1,2018-02-05 00:00:00+00:00,177,1.0
205,0,5,40253.32,45838.73,1,2018-06-29 00:00:00+00:00,33,0.0
206,0,4,21354.05,24562.35,1,2018-05-07 00:00:00+00:00,86,0.0
207,0,0,19457.63,22206.79,1,2018-04-06 00:00:00+00:00,117,0.0
208,0,0,26756.3,27813.23,1,2018-06-29 00:00:00+00:00,33,0.0
209,0,0,40581.52,40719.27,0,2018-05-15 00:00:00+00:00,78,0.0
210,0,0,17517.62,20393.64,1,2018-05-14 00:00:00+00:00,79,0.0
211,0,0,23112.170000000002,23387.670000000002,1,2018-06-14 00:00:00+00:00,48,0.0
212,0,5,46223.64,46565.08,1,2018-06-15 00:00:00+00:00,47,0.0
213,0,0,21402.85,22921.66,1,2018-06-20 00:00:00+00:00,42,0.0
214,0,0,30425.92,34446.229999999996,1,2018-01-19 00:00:00+00:00,194,0.0
215,0,0,31169.75,31169.75,0,2018-06-27 00:00:00+00:00,35,0.0
216,0,0,21945.02,22077.47,1,2018-02-27 00:00:00+00:00,155,0.0
217,0,0,11087.73,11087.73,0,2018-06-13 00:00:00+00:00,49,0.0
218,0,0,59102.57,60641.19,1,2018-05-03 00:00:00+00:00,90,0.0
219,0,0,24857.0,28984.22,1,2018-03-21 00:00:00+00:00,133,0.0
220,0,0,138483.26,154765.21,1,2018-04-04 00:00:00+00:00,119,0.0
221,0,0,15884.210000000001,16663.28,1,2018-01-26 00:00:00+00:00,187,1.0
222,0,0,15306.14,15560.08,1,2018-04-26 00:00:00+00:00,97,0.0
223,0,0,7017.0599999999995,7017.0599999999995,0,2018-02-23 00:00:00+00:00,159,0.0
224,0,0,16260.03,16604.63,1,2018-04-24 00:00:00+00:00,99,0.0
225,0,0,11198.94,11207.85,0,2018-03-12 00:00:00+00:00,142,0.0
226,0,0,55283.42,62294.33,1,2018-05-08 00:00:00+00:00,85,0.0
227,0,0,8481.89,8510.75,0,2018-06-06 00:00:00+00:00,56,0.0
228,0,1,175424.9,176359.7,1,2018-06-21 00:00:00+00:00,41,0.0
229,0,0,18747.47,18771.940000000002,0,2018-05-22 00:00:00+00:00,71,0.0
230,0,0,9148.28,10254.119999999999,1,2018-02-22 00:00:00+00:00,160,0.0
231,0,0,6055.37,6161.0599999999995,1,2018-06-06 00:00:00+00:00,56,0.0
232,0,0,7172.68,7172.68,0,2018-01-10 00:00:00+00:00,203,1.0
233,0,0,21044.28,23919.17,1,2018-03-21 00:00:00+00:00,133,0.0
234,0,0,165814.82,166582.44,0,2018-02-08 00:00:00+00:00,174,1.0
235,1,3,402150.77,489589.59,1,2018-02-26 00:00:00+00:00,156,1.0
236,1,3,38148.65,38148.65,0,2018-06-01 00:00:00+00:00,61,0.0
237,0,0,76542.95999999999,81704.14,1,2018-06-19 00:00:00+00:00,43,0.0
238,0,0,29698.05,29930.11,1,2018-06-28 00:00:00+00:00,34,0.0
239,0,0,37675.4,37759.59,0,2018-04-24 00:00:00+00:00,99,0.0
240,0,0,9758.61,9800.04,0,2018-03-08 00:00:00+00:00,146,0.0
241,0,0,19279.24,21459.38,1,2018-02-14 00:00:00+00:00,168,0.0
242,0,0,19689.97,22630.5,1,2018-01-09 00:00:00+00:00,204,0.0
243,0,0,12675.21,14437.39,1,2018-05-15 00:00:00+00:00,78,0.0
244,0,0,10676.97,10798.48,1,2018-05-23 00:00:00+00:00,70,0.0
245,0,4,26118.4,26118.4,0,2018-02-01 00:00:00+00:00,181,1.0
246,0,0,21040.35,24412.82,1,2018-03-19 00:00:00+00:00,135,0.0
247,0,0,47580.68,48781.3,1,2018-06-21 00:00:00+00:00,41,0.0
248,0,0,29102.98,32810.5,1,2018-04-19 00:00:00+00:00,104,0.0
249,0,0,24193.38,29147.78,1,2018-05-18 00:00:00+00:00,75,0.0
250,2,2,193180.98,196435.42,1,2018-07-06 00:00:00+00:00,26,0.0
251,0,5,207002.81,207002.81,0,2018-04-17 00:00:00+00:00,106,0.0
252,0,0,14115.07,14316.29,1,2018-05-22 00:00:00+00:00,71,0.0
253,0,0,36013.5,36181.15,0,2018-05-08 00:00:00+00:00,85,0.0
254,0,0,25305.94,25586.09,1,2018-02-07 00:00:00+00:00,175,0.0
255,0,0,18067.24,20388.440000000002,1,2018-01-31 00:00:00+00:00,182,1.0
256,0,0,28520.739999999998,31246.45,1,2018-02-21 00:00:00+00:00,161,1.0
257,0,0,49715.94,57114.26,1,2018-05-23 00:00:00+00:00,70,0.0
258,0,0,40989.93,46842.26,1,2018-03-09 00:00:00+00:00,145,0.0
259,0,0,130486.21,134866.25,1,2018-05-16 00:00:00+00:00,77,0.0
260,0,5,19768.71,21278.79,1,2018-01-23 00:00:00+00:00,190,1.0
261,0,0,54096.81,54466.74,1,2018-01-24 00:00:00+00:00,189,0.0
262,0,0,8721.25,10006.92,1,2018-05-22 00:00:00+00:00,71,0.0
263,0,5,13429.61,13682.66,1,2018-06-25 00:00:00+00:00,37,0.0
264,0,0,11332.09,11628.4,1,2018-06-22 00:00:00+00:00,40,0.0
265,0,0,27110.15,27391.329999999998,1,2018-02-26 00:00:00+00:00,156,0.0
266,0,0,14109.72,15353.82,1,2018-02-21 00:00:00+00:00,161,0.0
267,0,0,42228.34,43409.83,1,2018-05-23 00:00:00+00:00,70,0.0
268,0,0,20137.559999999998,20137.559999999998,0,2018-06-27 00:00:00+00:00,35,0.0
269,0,0,411585.77999999997,431725.66,1,2018-01-10 00:00:00+00:00,203,1.0
270,0,0,4695.35,4975.29,1,2018-03-02 00:00:00+00:00,152,1.0
271,0,0,62359.78,71139.04,1,2018-02-28 00:00:00+00:00,154,1.0
272,0,0,43116.49,49417.55,1,2018-02-23 00:00:00+00:00,159,1.0
273,0,1,12695.81,12744.7,0,2018-02-28 00:00:00+00:00,154,0.0
274,0,0,17250.81,17440.690000000002,1,2018-06-19 00:00:00+00:00,43,0.0
275,0,0,48965.79,50186.01,1,2018-06-18 00:00:00+00:00,44,0.0
276,0,0,21670.1,21720.63,0,2018-03-08 00:00:00+00:00,146,0.0
277,0,0,20607.29,24749.03,1,2018-03-28 00:00:00+00:00,126,0.0
278,0,0,5809.41,6328.02,1,2018-06-01 00:00:00+00:00,61,0.0
279,0,0,21937.73,26034.2,1,2018-04-18 00:00:00+00:00,105,0.0
280,0,0,37469.67,37929.83,1,2018-02-22 00:00:00+00:00,160,0.0
282,0,0,13092.92,13092.92,0,2018-05-08 00:00:00+00:00,85,0.0
283,0,0,7765.4800000000005,7765.4800000000005,0,2018-03-29 00:00:00+00:00,125,0.0
284,0,0,89909.2,92063.54000000001,1,2018-06-12 00:00:00+00:00,50,0.0
285,0,0,24359.12,24531.87,1,2018-05-08 00:00:00+00:00,85,0.0
286,0,0,24446.739999999998,24484.54,0,2018-06-15 00:00:00+00:00,47,0.0
287,0,0,28235.34,33359.57,1,2018-05-22 00:00:00+00:00,71,0.0
288,0,0,5907.33,6727.5,1,2018-04-27 00:00:00+00:00,96,0.0
289,0,0,28824.14,28967.65,0,2018-01-24 00:00:00+00:00,189,0.0
290,0,0,42142.48,42630.58,1,2018-02-27 00:00:00+00:00,155,0.0
291,0,0,41751.45,46045.13,1,2018-06-11 00:00:00+00:00,51,0.0
292,0,0,17966.34,17966.34,0,2018-06-08 00:00:00+00:00,54,0.0
293,0,0,45947.24,46046.42,0,2018-01-15 00:00:00+00:00,198,1.0
294,0,0,22103.68,22103.68,0,2018-01-12 00:00:00+00:00,201,1.0
295,0,0,19778.84,21082.35,1,2018-02-20 00:00:00+00:00,162,0.0
296,0,0,10857.97,12657.68,1,2018-02-08 00:00:00+00:00,174,1.0
297,0,0,229270.27000000002,250296.27,1,2018-06-13 00:00:00+00:00,49,0.0
298,0,0,37939.96,37968.23,0,2018-04-16 00:00:00+00:00,107,0.0
299,0,0,88042.04000000001,88326.0,0,2018-06-20 00:00:00+00:00,42,0.0
300,0,0,11748.7,13381.5,1,2018-05-04 00:00:00+00:00,89,0.0
301,0,6,25781.43,30237.47,1,2018-02-22 00:00:00+00:00,160,0.0
302,0,0,10961.72,11162.51,1,2018-05-23 00:00:00+00:00,70,0.0
303,0,0,6529.62,6640.7,1,2018-01-17 00:00:00+00:00,196,1.0
304,0,0,13216.22,15152.960000000001,1,2018-04-20 00:00:00+00:00,103,0.0
305,0,0,41341.39,44859.43,1,2018-03-09 00:00:00+00:00,145,0.0
306,0,0,148348.97,149611.74,1,2018-01-29 00:00:00+00:00,184,0.0
307,0,0,58348.01,59328.49,1,2018-02-08 00:00:00+00:00,174,0.0
308,0,0,12634.02,12708.8,1,2018-04-24 00:00:00+00:00,99,0.0
309,0,0,53475.04,57827.56,1,2018-06-30 00:00:00+00:00,32,0.0
310,0,0,49846.759999999995,50301.29,1,2018-06-08 00:00:00+00:00,54,0.0
311,0,4,106502.9,107202.68,1,2018-07-06 00:00:00+00:00,26,0.0
312,0,0,7242.73,8541.650000000001,1,2018-02-02 00:00:00+00:00,180,1.0
314,0,0,125388.51,147361.37,1,2018-03-08 00:00:00+00:00,146,0.0
315,0,0,11924.82,13321.68,1,2018-07-02 00:00:00+00:00,30,0.0
316,0,0,17229.22,20379.4,1,2018-06-20 00:00:00+00:00,42,0.0
317,0,0,13261.01,13656.79,1,2018-04-20 00:00:00+00:00,103,0.0
318,0,0,4946.22,4946.22,0,2018-01-31 00:00:00+00:00,182,1.0
320,0,0,33783.39,34086.63,1,2018-05-17 00:00:00+00:00,76,0.0
321,0,5,48408.049999999996,54289.38,1,2018-05-25 00:00:00+00:00,68,0.0
322,0,0,10939.33,12542.3,1,2018-01-25 00:00:00+00:00,188,1.0
323,0,0,12473.09,13534.66,1,2018-01-22 00:00:00+00:00,191,0.0
324,0,0,10532.01,10810.66,1,2018-01-22 00:00:00+00:00,191,1.0
325,0,0,11300.68,13288.93,1,2018-06-19 00:00:00+00:00,43,0.0
326,0,0,272846.26,280220.71,1,2018-03-29 00:00:00+00:00,125,0.0
327,0,0,8462.810000000001,8613.18,1,2018-03-02 00:00:00+00:00,152,1.0
328,0,0,13838.619999999999,14373.23,1,2018-01-13 00:00:00+00:00,200,1.0
329,0,0,34532.9,37826.04,1,2018-02-23 00:00:00+00:00,159,0.0
330,0,0,8851.97,10173.31,1,2018-04-09 00:00:00+00:00,114,0.0
331,0,0,10576.02,12738.17,1,2018-02-27 00:00:00+00:00,155,1.0
332,0,0,9857.7,11642.460000000001,1,2018-07-02 00:00:00+00:00,30,1.0
333,0,0,8511.39,9991.73,1,2018-02-09 00:00:00+00:00,173,1.0
334,0,4,24733.64,24929.059999999998,1,2018-01-23 00:00:00+00:00,190,1.0
335,0,0,8207.31,9421.68,1,2018-03-22 00:00:00+00:00,132,0.0
336,0,0,4784.549999999999,5673.4400000000005,1,2018-01-19 00:00:00+00:00,194,1.0
337,0,0,11216.45,11294.64,1,2018-07-03 00:00:00+00:00,29,0.0
338,0,0,62336.57,73452.82,1,2018-07-03 00:00:00+00:00,29,0.0
339,0,0,10266.05,11961.19,1,2018-01-10 00:00:00+00:00,203,1.0
340,0,0,20935.7,21360.78,1,2018-06-21 00:00:00+00:00,41,0.0
341,0,0,7488.8,7629.15,1,2018-02-01 00:00:00+00:00,181,1.0
342,1,3,29479.78,33273.3,1,2018-02-09 00:00:00+00:00,173,1.0
343,0,0,115446.01,132238.36,1,2018-06-18 00:00:00+00:00,44,0.0
344,0,0,9156.0,9156.0,0,2018-07-03 00:00:00+00:00,29,1.0
345,0,0,14340.66,16680.100000000002,1,2018-05-29 00:00:00+00:00,64,1.0
346,0,5,55300.88,62478.3,1,2018-06-25 00:00:00+00:00,37,0.0
347,0,0,16230.4,18794.02,1,2018-06-28 00:00:00+00:00,34,0.0
348,0,5,7538.16,7738.11,1,2018-02-28 00:00:00+00:00,154,1.0
349,0,0,20430.989999999998,23232.24,1,2018-03-15 00:00:00+00:00,139,0.0
350,0,0,48364.36,57108.06,1,2018-06-19 00:00:00+00:00,43,0.0
351,0,0,11342.95,12609.92,1,2018-06-11 00:00:00+00:00,51,0.0
352,0,0,55036.44,55505.24,1,2018-07-05 00:00:00+00:00,27,0.0
353,1,3,33609.62,33659.48,0,2018-06-29 00:00:00+00:00,33,0.0
354,0,6,14580.880000000001,16898.14,1,2018-06-06 00:00:00+00:00,56,0.0
355,0,5,24256.78,28331.9,1,2018-02-23 00:00:00+00:00,159,1.0
356,0,0,119986.2,142572.57,1,2018-06-11 00:00:00+00:00,51,0.0
357,0,0,3290.42,3290.42,0,2018-03-16 00:00:00+00:00,138,1.0
358,0,0,11668.01,11689.08,0,2018-07-05 00:00:00+00:00,27,1.0
360,0,0,12767.02,12767.02,0,2018-05-16 00:00:00+00:00,77,0.0
361,0,0,11866.82,13895.279999999999,1,2018-01-12 00:00:00+00:00,201,1.0
362,0,0,8375.18,8380.689999999999,0,2018-02-16 00:00:00+00:00,166,1.0
363,0,0,9180.03,9180.03,0,2018-06-29 00:00:00+00:00,33,0.0
364,0,0,5879.58,6840.45,1,2018-05-16 00:00:00+00:00,77,0.0
365,0,0,20445.93,22685.06,1,2018-04-13 00:00:00+00:00,110,0.0
366,0,0,115387.44,115898.33,0,2018-06-22 00:00:00+00:00,40,0.0
367,0,0,11840.82,11896.73,0,2018-01-15 00:00:00+00:00,198,1.0
368,0,0,12445.74,14547.55,1,2018-02-22 00:00:00+00:00,160,1.0
369,0,0,15565.42,15895.53,1,2018-05-28 00:00:00+00:00,65,0.0
370,0,0,204348.77,225622.95,1,2018-05-08 00:00:00+00:00,85,0.0
371,0,0,15826.46,18460.49,1,2018-02-02 00:00:00+00:00,180,0.0
372,0,0,23167.93,26979.6,1,2018-06-14 00:00:00+00:00,48,0.0
373,0,0,11385.84,11385.84,0,2018-01-31 00:00:00+00:00,182,1.0
374,0,0,11963.29,13685.11,1,2018-04-11 00:00:00+00:00,112,0.0
375,0,0,7165.9,7294.24,1,2018-01-31 00:00:00+00:00,182,1.0
376,0,0,34766.95,38336.16,1,2018-04-25 00:00:00+00:00,98,0.0
377,0,0,73299.05,74279.97,1,2018-03-27 00:00:00+00:00,127,0.0
378,0,0,9774.63,11293.130000000001,1,2018-06-22 00:00:00+00:00,40,0.0
379,0,0,47269.08,55572.97,1,2018-03-29 00:00:00+00:00,125,1.0
380,0,4,8234.26,8268.41,0,2018-02-14 00:00:00+00:00,168,0.0
381,0,0,50643.98,58591.2,1,2018-06-21 00:00:00+00:00,41,0.0
382,0,0,62654.96,72337.96,1,2018-05-10 00:00:00+00:00,83,0.0
383,0,5,86529.49,86533.2,0,2018-01-08 00:00:00+00:00,205,0.0
384,0,0,39695.46,43993.66,1,2018-03-22 00:00:00+00:00,132,0.0
385,0,0,130242.25,144255.18,1,2018-02-15 00:00:00+00:00,167,0.0
386,0,0,11897.79,11897.79,0,2018-01-22 00:00:00+00:00,191,1.0
387,0,6,11242.490000000002,11515.320000000002,1,2018-03-08 00:00:00+00:00,146,1.0
388,0,0,30112.52,30397.37,1,2018-03-07 00:00:00+00:00,147,0.0
389,0,0,77270.94,88743.62,1,2018-07-05 00:00:00+00:00,27,0.0
390,0,0,35739.22,39032.89,1,2018-02-26 00:00:00+00:00,156,0.0
391,0,5,151894.82,157978.04,1,2018-06-25 00:00:00+00:00,37,0.0
393,0,1,18066.94,20784.89,1,2018-06-07 00:00:00+00:00,55,0.0
394,0,0,25856.19,28391.41,1,2018-03-14 00:00:00+00:00,140,0.0
395,0,0,5630.79,5630.79,0,2018-03-05 00:00:00+00:00,149,1.0
396,0,0,6654.71,7697.56,1,2018-02-20 00:00:00+00:00,162,1.0
397,0,6,7407.0199999999995,8524.5,1,2018-06-21 00:00:00+00:00,41,1.0
398,0,0,6977.44,7917.83,1,2018-01-29 00:00:00+00:00,184,1.0
399,0,0,43988.4,51427.76,1,2018-01-24 00:00:00+00:00,189,0.0
400,0,0,60994.6,61709.590000000004,1,2018-06-11 00:00:00+00:00,51,0.0
401,0,0,16385.54,19037.09,1,2018-06-29 00:00:00+00:00,33,0.0
402,0,0,16100.67,16390.1,1,2018-06-27 00:00:00+00:00,35,0.0
403,0,0,11619.630000000001,13959.5,1,2018-03-02 00:00:00+00:00,152,1.0
405,0,0,29073.79,32795.33,1,2018-03-22 00:00:00+00:00,132,1.0
406,0,0,4667.38,5540.51,1,2018-01-22 00:00:00+00:00,191,1.0
407,0,0,4337.63,4343.63,0,2018-03-05 00:00:00+00:00,149,1.0
408,0,0,20134.05,21789.95,1,2018-02-21 00:00:00+00:00,161,0.0
409,0,0,45013.93,51813.11,1,2018-04-25 00:00:00+00:00,98,0.0
410,0,0,99718.57,99718.57,0,2018-05-15 00:00:00+00:00,78,0.0
411,0,0,14694.18,16140.300000000001,1,2018-02-21 00:00:00+00:00,161,0.0
412,0,0,3317.31,3425.53,1,2018-03-20 00:00:00+00:00,134,1.0
413,2,2,50350.6,50750.33,1,2018-07-05 00:00:00+00:00,27,0.0
414,0,0,49437.51,54248.11,1,2018-05-17 00:00:00+00:00,76,0.0
415,2,2,36364.13,37392.54,1,2018-07-05 00:00:00+00:00,27,0.0
416,0,0,53964.91,54063.99,0,2018-05-23 00:00:00+00:00,70,0.0
417,0,0,36072.81,42022.58,1,2018-04-12 00:00:00+00:00,111,0.0
418,0,0,5118.12,5888.09,1,2018-03-06 00:00:00+00:00,148,1.0
419,0,0,68947.09,70384.91,1,2018-03-16 00:00:00+00:00,138,0.0
420,0,0,190152.88,191550.71,1,2018-04-20 00:00:00+00:00,103,0.0
421,0,0,3889.7799999999997,3889.7799999999997,0,2018-03-16 00:00:00+00:00,138,1.0
422,2,2,139527.19,151926.33,1,2018-07-05 00:00:00+00:00,27,0.0
423,0,0,14257.95,16922.75,1,2018-05-18 00:00:00+00:00,75,1.0
424,0,0,77502.0,78796.15,1,2018-03-14 00:00:00+00:00,140,0.0
425,0,0,41835.229999999996,46632.16,1,2018-06-13 00:00:00+00:00,49,0.0
426,0,0,292871.45,326853.09,1,2018-04-25 00:00:00+00:00,98,0.0
427,0,0,45235.83,49351.82,1,2018-03-20 00:00:00+00:00,134,0.0
428,0,0,49665.02,51077.22,1,2018-02-21 00:00:00+00:00,161,0.0
429,0,0,59810.85,75676.63,1,2018-06-28 00:00:00+00:00,34,0.0
430,0,5,47983.1,54691.42,1,2018-02-28 00:00:00+00:00,154,0.0
431,0,0,55721.38,63436.18,1,2018-05-10 00:00:00+00:00,83,0.0
432,0,0,63696.86,65523.83,1,2018-04-03 00:00:00+00:00,120,0.0
433,0,5,449028.77,525124.57,1,2018-06-11 00:00:00+00:00,51,0.0
434,0,0,28063.15,31700.06,1,2018-04-11 00:00:00+00:00,112,0.0
435,0,0,187772.88,191648.76,1,2018-05-18 00:00:00+00:00,75,0.0
436,1,3,80225.52,89123.59,1,2018-06-29 00:00:00+00:00,33,0.0
437,0,0,29134.2,33970.04,1,2018-04-30 00:00:00+00:00,93,0.0
438,0,0,12387.15,14006.81,1,2018-02-26 00:00:00+00:00,156,0.0
439,0,0,8622.26,9975.01,1,2018-02-07 00:00:00+00:00,175,1.0
440,0,0,20217.58,22101.14,1,2018-02-12 00:00:00+00:00,170,0.0
441,0,5,155378.13,155452.45,0,2018-06-21 00:00:00+00:00,41,0.0
442,0,0,15803.36,16370.57,1,2018-04-05 00:00:00+00:00,118,1.0
443,0,0,156677.22,158696.37,1,2018-05-09 00:00:00+00:00,84,0.0
444,0,0,55656.63,60327.34,1,2018-04-20 00:00:00+00:00,103,0.0
445,0,6,16126.4,17318.75,1,2015-03-12 00:00:00+00:00,1238,0.0
446,0,0,76278.19,85732.59,1,2018-06-05 00:00:00+00:00,57,0.0
447,0,0,92924.55,93930.27,1,2018-06-06 00:00:00+00:00,56,0.0
448,0,0,18971.83,19217.94,1,2018-05-04 00:00:00+00:00,89,0.0
449,0,0,106687.41,106687.41,0,2018-05-21 00:00:00+00:00,72,0.0
450,0,0,76649.03,78194.14,1,2018-02-19 00:00:00+00:00,163,0.0
451,0,0,13533.380000000001,13587.43,0,2018-06-11 00:00:00+00:00,51,0.0
452,0,6,13892.53,16020.06,1,2018-02-27 00:00:00+00:00,155,0.0
453,0,0,23116.57,23561.96,1,2018-04-13 00:00:00+00:00,110,0.0
454,0,0,22361.07,22373.16,0,2018-06-11 00:00:00+00:00,51,0.0
455,0,0,24939.69,28527.29,1,2018-02-08 00:00:00+00:00,174,0.0
456,0,0,24231.5,28100.28,1,2018-04-28 00:00:00+00:00,95,0.0
457,0,0,32018.34,32174.36,0,2018-06-12 00:00:00+00:00,50,0.0
458,0,0,26043.809999999998,28997.77,1,2018-06-21 00:00:00+00:00,41,0.0
459,0,0,34120.5,38863.48,1,2018-04-13 00:00:00+00:00,110,0.0
460,1,3,11172.94,11183.37,0,2018-01-31 00:00:00+00:00,182,0.0
461,0,0,71338.65,71397.14,0,2018-02-05 00:00:00+00:00,177,0.0
462,0,0,20591.95,20607.88,0,2018-03-06 00:00:00+00:00,148,0.0
463,0,0,29083.7,31566.9,1,2018-04-20 00:00:00+00:00,103,0.0
464,0,0,10218.93,10218.93,0,2018-02-19 00:00:00+00:00,163,0.0
465,0,0,31048.68,32624.76,1,2018-01-17 00:00:00+00:00,196,0.0
466,0,0,53852.04,53938.43,0,2018-05-22 00:00:00+00:00,71,0.0
467,0,0,28554.329999999998,30347.56,1,2018-06-13 00:00:00+00:00,49,0.0
468,0,0,66265.21,66893.75,1,2018-06-29 00:00:00+00:00,33,0.0
469,0,0,46909.77,48036.22,1,2018-02-23 00:00:00+00:00,159,0.0
470,0,5,142705.66,154043.2,1,2018-02-09 00:00:00+00:00,173,1.0
471,0,0,78972.95999999999,81143.78,1,2018-04-05 00:00:00+00:00,118,0.0
472,0,0,17502.45,20559.61,1,2018-03-14 00:00:00+00:00,140,0.0
473,0,6,75330.18,77074.56999999999,1,2018-06-20 00:00:00+00:00,42,0.0
474,0,0,49947.16,51065.35,1,2018-05-14 00:00:00+00:00,79,0.0
475,0,0,44735.8,44900.34,0,2018-02-28 00:00:00+00:00,154,0.0
476,0,0,21352.31,23390.91,1,2018-02-22 00:00:00+00:00,160,0.0
477,0,0,57131.66,60164.51,1,2018-03-19 00:00:00+00:00,135,0.0
478,0,4,16336.880000000001,16336.880000000001,0,2018-04-10 00:00:00+00:00,113,1.0
479,0,0,27672.84,32241.87,1,2018-03-28 00:00:00+00:00,126,0.0
480,0,0,36341.45,36438.86,0,2018-03-27 00:00:00+00:00,127,0.0
481,1,3,75454.24,75454.24,0,2018-04-12 00:00:00+00:00,111,0.0
483,0,0,137375.83,141648.85,1,2018-04-24 00:00:00+00:00,99,0.0
484,0,0,242965.17,271909.92,1,2018-02-19 00:00:00+00:00,163,1.0
485,0,0,84139.92,95778.47,1,2018-04-13 00:00:00+00:00,110,0.0
486,0,0,88642.81999999999,102024.66,1,2018-06-20 00:00:00+00:00,42,0.0
487,0,0,78889.20999999999,78889.21,0,2018-06-21 00:00:00+00:00,41,0.0
488,0,0,74781.03,76267.51,1,2018-05-09 00:00:00+00:00,84,0.0
489,1,3,119979.79000000001,120093.02,0,2018-06-26 00:00:00+00:00,36,0.0
490,0,0,81196.4,105681.26,1,2018-06-22 00:00:00+00:00,40,0.0
491,0,0,53307.729999999996,54508.35,1,2018-05-15 00:00:00+00:00,78,0.0
492,0,0,17690.93,17709.61,0,2018-04-10 00:00:00+00:00,113,0.0
493,0,0,30376.38,30782.93,1,2018-02-19 00:00:00+00:00,163,0.0
494,0,0,16628.87,16966.64,1,2018-02-21 00:00:00+00:00,161,0.0
495,0,0,131444.55,131661.79,0,2018-02-28 00:00:00+00:00,154,0.0
496,0,0,53331.89,53373.240000000005,0,2018-03-26 00:00:00+00:00,128,0.0
497,0,0,39146.87,40365.12,1,2018-04-03 00:00:00+00:00,120,0.0
498,0,0,14944.65,15704.42,1,2018-01-25 00:00:00+00:00,188,0.0
499,0,0,22829.95,22871.260000000002,0,2018-03-12 00:00:00+00:00,142,0.0
500,0,0,27191.35,27191.35,0,2018-02-19 00:00:00+00:00,163,0.0
501,0,0,49132.34,49752.03,1,2018-05-28 00:00:00+00:00,65,0.0
502,0,0,15297.18,19693.13,1,2018-03-26 00:00:00+00:00,128,0.0
503,0,0,214393.32,217432.75,1,2018-06-12 00:00:00+00:00,50,0.0
504,0,0,42069.1,47414.19,1,2018-02-23 00:00:00+00:00,159,0.0
505,0,0,15631.18,15691.1,0,2018-03-16 00:00:00+00:00,138,0.0
506,0,0,16668.82,19023.41,1,2018-01-08 00:00:00+00:00,205,0.0
507,0,0,85121.51,96272.41,1,2018-05-28 00:00:00+00:00,65,0.0
508,0,0,14957.279999999999,17378.68,1,2018-01-31 00:00:00+00:00,182,0.0
509,1,3,172268.43,180432.98,1,2018-06-25 00:00:00+00:00,37,0.0
510,0,0,32979.57,33330.65,1,2017-08-11 00:00:00+00:00,355,0.0
511,0,0,27676.26,31819.22,1,2018-05-04 00:00:00+00:00,89,0.0
512,0,0,43436.32,44698.24,1,2018-06-12 00:00:00+00:00,50,0.0
513,0,0,24050.25,27941.0,1,2018-06-25 00:00:00+00:00,37,0.0
514,0,0,23198.11,26542.02,1,2018-05-03 00:00:00+00:00,90,0.0
515,0,0,44524.95,44877.93,1,2018-04-04 00:00:00+00:00,119,0.0
516,0,0,61441.68,63042.2,1,2018-06-22 00:00:00+00:00,40,0.0
517,0,0,33933.7,34627.479999999996,1,2018-04-25 00:00:00+00:00,98,0.0
518,0,0,15445.35,15511.960000000001,0,2018-07-02 00:00:00+00:00,30,0.0
519,0,0,31612.809999999998,37136.87,1,2018-01-25 00:00:00+00:00,188,0.0
520,0,0,6200.75,6328.31,1,2018-07-02 00:00:00+00:00,30,1.0
521,0,0,32172.26,34916.73,1,2018-04-27 00:00:00+00:00,96,0.0
522,0,0,31180.73,34073.47,1,2018-05-17 00:00:00+00:00,76,0.0
523,0,1,19461.21,22753.59,1,2018-05-21 00:00:00+00:00,72,0.0
524,0,5,292652.29,308115.26,1,2018-05-08 00:00:00+00:00,85,0.0
525,0,0,52913.3,60485.72,1,2018-01-19 00:00:00+00:00,194,0.0
526,0,0,39822.88,43316.49,1,2018-01-26 00:00:00+00:00,187,0.0
528,0,0,17567.809999999998,17913.78,1,2018-01-10 00:00:00+00:00,203,0.0
530,0,0,53305.340000000004,53633.89,1,2018-01-18 00:00:00+00:00,195,0.0
531,0,0,39580.33,39717.16,0,2018-02-23 00:00:00+00:00,159,0.0
532,0,0,59729.46,59968.56,0,2018-04-16 00:00:00+00:00,107,0.0
533,0,0,27970.99,31584.57,1,2018-05-10 00:00:00+00:00,83,0.0
534,0,0,48841.28,49397.53,1,2018-01-10 00:00:00+00:00,203,0.0
535,0,0,80884.39,82641.62,1,2018-06-13 00:00:00+00:00,49,0.0
536,0,0,14362.5,14362.5,0,2018-05-17 00:00:00+00:00,76,0.0
537,0,6,62993.07,68858.88,1,2018-06-25 00:00:00+00:00,37,0.0
538,0,0,19070.0,19304.18,1,2018-05-15 00:00:00+00:00,78,0.0
539,0,5,19435.04,22417.6,1,2018-05-29 00:00:00+00:00,64,0.0
540,0,0,54324.47,54908.79,1,2018-01-08 00:00:00+00:00,205,0.0
541,0,0,3700.65,3714.83,0,2018-03-02 00:00:00+00:00,152,1.0
542,0,0,93233.11,95833.73,1,2018-05-17 00:00:00+00:00,76,0.0
543,0,0,21424.73,21900.3,1,2018-04-11 00:00:00+00:00,112,0.0
544,0,0,25846.81,28657.79,1,2018-03-06 00:00:00+00:00,148,0.0
545,0,0,38695.74,39163.0,1,2018-04-12 00:00:00+00:00,111,0.0
546,0,0,7372.67,8566.619999999999,1,2018-04-20 00:00:00+00:00,103,1.0
547,0,0,44710.88,52593.05,1,2018-06-13 00:00:00+00:00,49,0.0
548,0,0,64678.49,66965.13,1,2018-05-10 00:00:00+00:00,83,0.0
549,0,0,86017.95,87124.26,1,2018-01-18 00:00:00+00:00,195,0.0
550,0,0,11244.130000000001,13255.65,1,2018-04-12 00:00:00+00:00,111,0.0
551,0,0,31408.8,31519.46,0,2018-05-03 00:00:00+00:00,90,0.0
552,0,0,79406.13,81190.5,1,2018-04-09 00:00:00+00:00,114,0.0
553,0,0,38232.5,42129.51,1,2018-05-13 00:00:00+00:00,80,0.0
554,0,0,20330.97,24498.45,1,2018-01-25 00:00:00+00:00,188,1.0
555,0,0,47021.19,52729.82,1,2018-01-17 00:00:00+00:00,196,0.0
556,0,0,36659.77,37329.11,1,2018-05-22 00:00:00+00:00,71,0.0
557,0,6,59803.16,60224.91,1,2018-07-06 00:00:00+00:00,26,0.0
558,0,5,403439.95,403506.26,0,2018-03-29 00:00:00+00:00,125,0.0
559,0,0,32422.75,35536.48,1,2018-05-18 00:00:00+00:00,75,0.0
560,0,0,58156.31,62654.18,1,2018-02-21 00:00:00+00:00,161,0.0
561,0,0,19517.85,21219.96,1,2018-06-21 00:00:00+00:00,41,0.0
562,0,0,58142.13,59389.6,1,2018-06-28 00:00:00+00:00,34,0.0
563,0,0,36290.54,39554.21,1,2018-06-26 00:00:00+00:00,36,0.0
564,0,0,56419.02,58925.59,1,2018-06-12 00:00:00+00:00,50,0.0
565,0,0,37009.64,41082.79,1,2018-06-22 00:00:00+00:00,40,0.0
566,0,0,54807.71,60853.93,1,2018-06-18 00:00:00+00:00,44,0.0
567,0,0,102986.57,109498.56,1,2018-05-16 00:00:00+00:00,77,0.0
568,0,0,63804.0,68096.36,1,2018-02-21 00:00:00+00:00,161,0.0
569,0,0,20287.27,22217.04,1,2018-02-20 00:00:00+00:00,162,0.0
570,0,0,7824.049999999999,8007.01,1,2018-06-18 00:00:00+00:00,44,0.0
571,0,0,3181.1,3721.12,1,2018-02-09 00:00:00+00:00,173,1.0
572,0,0,167861.14,169916.22,1,2018-01-11 00:00:00+00:00,202,1.0
573,0,0,25403.9,25465.32,0,2018-05-15 00:00:00+00:00,78,0.0
574,0,0,42718.380000000005,47252.51,1,2018-04-25 00:00:00+00:00,98,0.0
575,0,0,50098.67,55045.090000000004,1,2018-05-14 00:00:00+00:00,79,0.0
576,0,0,60158.92,60384.7,0,2018-01-17 00:00:00+00:00,196,0.0
577,0,0,72265.84,73841.69,1,2018-02-21 00:00:00+00:00,161,0.0
578,0,0,41592.67,47424.29,1,2018-02-28 00:00:00+00:00,154,0.0
579,0,0,139283.52,158091.16,1,2018-03-23 00:00:00+00:00,131,0.0
580,0,0,58947.43,66809.53,1,2018-06-26 00:00:00+00:00,36,0.0
581,0,0,59813.11,67950.22,1,2018-06-21 00:00:00+00:00,41,0.0
582,0,0,25224.95,25933.36,1,2018-01-22 00:00:00+00:00,191,0.0
583,0,0,35112.09,41022.06,1,2018-05-24 00:00:00+00:00,69,0.0
584,0,0,38122.46,39429.88,1,2018-05-03 00:00:00+00:00,90,0.0
585,0,0,52354.979999999996,52758.53,1,2018-06-21 00:00:00+00:00,41,0.0
586,0,0,36545.46,36653.14,0,2018-04-30 00:00:00+00:00,93,0.0
587,0,0,27189.71,27385.63,1,2018-02-28 00:00:00+00:00,154,0.0
588,0,0,40679.76,45276.73,1,2018-06-11 00:00:00+00:00,51,0.0
589,0,0,31005.58,31433.55,1,2018-03-29 00:00:00+00:00,125,0.0
590,0,0,39763.65,45564.13,1,2018-03-07 00:00:00+00:00,147,0.0
591,0,0,28241.59,32580.359999999997,1,2018-05-23 00:00:00+00:00,70,0.0
592,0,0,27693.45,27886.07,1,2018-01-19 00:00:00+00:00,194,0.0
593,0,0,56562.25,61860.98,1,2018-04-05 00:00:00+00:00,118,0.0
594,0,0,88769.34,99495.37,1,2018-01-29 00:00:00+00:00,184,0.0
595,0,0,30715.010000000002,31441.69,1,2018-02-21 00:00:00+00:00,161,0.0
596,0,0,63729.94,70979.35,1,2018-05-17 00:00:00+00:00,76,0.0
597,0,0,13903.57,15421.96,1,2018-03-14 00:00:00+00:00,140,0.0
598,0,5,67959.71,67959.71,0,2018-03-19 00:00:00+00:00,135,0.0
599,0,0,35840.35,36662.95,1,2018-02-05 00:00:00+00:00,177,0.0
600,0,0,14003.96,14062.3,0,2018-01-23 00:00:00+00:00,190,0.0
601,0,0,15115.11,15132.73,0,2018-04-25 00:00:00+00:00,98,0.0
602,0,0,101929.73,111330.77,1,2018-05-30 00:00:00+00:00,63,0.0
603,0,0,27342.66,27342.66,0,2018-04-13 00:00:00+00:00,110,0.0
604,0,0,31535.99,35921.58,1,2018-05-11 00:00:00+00:00,82,0.0
605,0,0,39636.96,45312.63,1,2018-04-11 00:00:00+00:00,112,0.0
606,0,5,29397.22,29899.09,1,2018-04-20 00:00:00+00:00,103,0.0
607,0,0,43723.1,44128.66,1,2018-06-26 00:00:00+00:00,36,0.0
608,0,0,63860.78,69060.66,1,2018-04-11 00:00:00+00:00,112,0.0
609,0,0,136831.35,154366.87,1,2018-06-25 00:00:00+00:00,37,0.0
610,0,0,26270.5,26976.510000000002,1,2018-04-04 00:00:00+00:00,119,0.0
611,0,0,83644.65000000001,92881.02,1,2018-04-23 00:00:00+00:00,100,0.0
612,0,0,42570.81,43447.52,1,2018-06-13 00:00:00+00:00,49,0.0
613,0,0,38065.69,39231.29,1,2018-01-29 00:00:00+00:00,184,0.0
614,0,0,21043.19,21450.93,1,2018-06-14 00:00:00+00:00,48,0.0
615,0,0,40441.43,41346.84,1,2018-05-18 00:00:00+00:00,75,0.0
616,0,0,75847.39,77580.92,1,2018-06-13 00:00:00+00:00,49,0.0
617,0,0,97095.7,114938.09,1,2018-04-19 00:00:00+00:00,104,0.0
618,0,0,80348.99,80348.99,0,2018-01-25 00:00:00+00:00,188,0.0
619,0,0,44191.5,44691.29,1,2018-02-28 00:00:00+00:00,154,0.0
620,0,0,55123.729999999996,57613.729999999996,1,2018-06-22 00:00:00+00:00,40,0.0
621,0,0,94897.07,105581.58,1,2018-05-29 00:00:00+00:00,64,0.0
622,0,0,68192.45999999999,78404.2,1,2018-04-13 00:00:00+00:00,110,0.0
624,0,4,89655.53,89718.4,0,2018-06-11 00:00:00+00:00,51,0.0
626,0,0,40901.68,46858.21,1,2018-06-07 00:00:00+00:00,55,0.0
627,0,0,49196.229999999996,56421.95,1,2018-02-28 00:00:00+00:00,154,0.0
628,0,0,18011.52,18011.52,0,2018-04-17 00:00:00+00:00,106,0.0
629,0,0,94456.72,95930.67,1,2018-05-15 00:00:00+00:00,78,0.0
630,0,0,11146.369999999999,11359.61,1,2018-04-11 00:00:00+00:00,112,0.0
631,0,0,27567.74,27597.13,0,2018-06-20 00:00:00+00:00,42,0.0
632,0,0,161171.6,183080.85,1,2018-06-20 00:00:00+00:00,42,0.0
633,2,2,1242338.6,1346583.51,1,2018-07-05 00:00:00+00:00,27,1.0
634,0,0,16339.51,16710.39,1,2018-06-07 00:00:00+00:00,55,0.0
635,0,0,37816.42,38662.14,1,2018-03-14 00:00:00+00:00,140,0.0
636,0,0,54356.18,55485.43,1,2018-03-08 00:00:00+00:00,146,0.0
637,0,0,45888.83,47342.4,1,2018-03-19 00:00:00+00:00,135,0.0
638,0,0,59834.64,60183.51,1,2018-01-24 00:00:00+00:00,189,0.0
639,0,0,14532.91,14844.029999999999,1,2018-05-16 00:00:00+00:00,77,0.0
640,0,0,27917.77,31499.38,1,2018-01-23 00:00:00+00:00,190,0.0
641,0,0,48740.770000000004,53909.26,1,2018-06-25 00:00:00+00:00,37,0.0
642,0,0,100692.18,114233.37,1,2018-05-10 00:00:00+00:00,83,0.0
643,0,0,65036.55,68243.89,1,2018-01-10 00:00:00+00:00,203,0.0
644,2,2,276985.67,283732.92,1,2018-04-18 00:00:00+00:00,105,1.0
645,0,0,58978.5,60253.15,1,2018-05-15 00:00:00+00:00,78,0.0
646,0,0,14574.0,14921.83,1,2018-03-20 00:00:00+00:00,134,0.0
647,0,0,10863.21,11006.369999999999,1,2018-04-26 00:00:00+00:00,97,0.0
648,0,0,17481.47,17497.9,0,2018-01-23 00:00:00+00:00,190,0.0
649,0,0,37141.18,40816.58,1,2018-06-13 00:00:00+00:00,49,0.0
650,0,0,53547.02,61022.06,1,2018-04-18 00:00:00+00:00,105,0.0
651,0,5,188515.74000000002,215677.2,1,2018-04-18 00:00:00+00:00,105,0.0
652,0,0,64679.35,64952.83,0,2018-04-06 00:00:00+00:00,117,0.0
653,0,6,68484.05,73438.25,1,2018-03-19 00:00:00+00:00,135,0.0
654,0,0,71437.59,72193.59,1,2018-05-16 00:00:00+00:00,77,0.0
655,0,0,82008.83,82758.8,1,2018-07-05 00:00:00+00:00,27,0.0
656,0,0,58190.16,58311.21,0,2018-05-14 00:00:00+00:00,79,0.0
657,0,0,27233.81,27233.81,0,2018-06-13 00:00:00+00:00,49,0.0
658,1,3,14048023.71,14136687.98,1,2018-03-29 00:00:00+00:00,125,1.0
659,0,0,88995.13,103285.41,1,2018-07-05 00:00:00+00:00,27,0.0
660,2,2,37160.5,43176.85,1,2018-02-21 00:00:00+00:00,161,0.0
661,0,0,73313.14,75698.2,1,2018-04-25 00:00:00+00:00,98,0.0
662,0,0,42582.8,42750.89,0,2018-03-15 00:00:00+00:00,139,0.0
663,0,0,159466.68,161515.79,1,2018-05-21 00:00:00+00:00,72,0.0
664,0,0,17663.29,17953.35,1,2018-02-09 00:00:00+00:00,173,0.0
665,0,0,32554.63,36695.46,1,2018-06-20 00:00:00+00:00,42,0.0
666,0,0,47455.42,49915.93,1,2018-05-24 00:00:00+00:00,69,0.0
667,0,0,14769.27,16860.49,1,2018-06-27 00:00:00+00:00,35,0.0
668,0,0,32950.18,33177.229999999996,1,2018-01-17 00:00:00+00:00,196,0.0
669,0,0,63407.97,73450.31999999999,1,2018-05-07 00:00:00+00:00,86,0.0
670,0,0,23779.87,23970.93,1,2018-05-23 00:00:00+00:00,70,0.0
671,0,0,41512.73,44841.83,1,2018-04-20 00:00:00+00:00,103,0.0
672,0,0,53820.21,61197.88,1,2018-06-12 00:00:00+00:00,50,0.0
673,0,4,40483.229999999996,43517.94,1,2018-06-19 00:00:00+00:00,43,0.0
674,0,0,91758.21,91758.21,0,2018-05-16 00:00:00+00:00,77,0.0
675,0,0,30724.42,35118.29,1,2018-03-12 00:00:00+00:00,142,0.0
676,0,0,33214.07,33425.39,1,2018-05-04 00:00:00+00:00,89,0.0
677,0,0,49111.16,53221.44,1,2018-04-13 00:00:00+00:00,110,0.0
678,0,0,17021.11,18293.47,1,2018-05-30 00:00:00+00:00,63,0.0
679,0,0,22875.12,24821.26,1,2018-04-05 00:00:00+00:00,118,0.0
680,0,0,43425.66,44600.16,1,2018-05-03 00:00:00+00:00,90,0.0
681,0,0,24628.17,25181.84,1,2018-06-07 00:00:00+00:00,55,0.0
682,0,0,145687.36000000002,166403.02,1,2018-04-22 00:00:00+00:00,101,0.0
683,0,0,37254.409999999996,38081.56,1,2018-02-19 00:00:00+00:00,163,0.0
684,0,0,18794.69,20319.98,1,2018-03-27 00:00:00+00:00,127,0.0
685,0,0,97330.8,106651.62,1,2018-02-28 00:00:00+00:00,154,0.0
686,0,0,79164.57,88668.44,1,2018-06-13 00:00:00+00:00,49,0.0
687,0,0,75259.76,82010.17,1,2018-04-12 00:00:00+00:00,111,0.0
688,0,0,18253.92,18425.62,1,2018-01-17 00:00:00+00:00,196,0.0
689,0,0,46901.48,54310.55,1,2018-03-13 00:00:00+00:00,141,0.0
690,0,0,16377.619999999999,16782.13,1,2018-05-22 00:00:00+00:00,71,0.0
691,0,0,31150.2,31155.41,0,2018-02-19 00:00:00+00:00,163,0.0
692,0,0,54434.13,59274.21,1,2018-05-14 00:00:00+00:00,79,0.0
693,0,0,15094.79,17730.52,1,2018-02-28 00:00:00+00:00,154,0.0
694,0,0,13711.6,16016.95,1,2018-01-31 00:00:00+00:00,182,0.0
695,0,0,29137.260000000002,29295.83,1,2018-01-22 00:00:00+00:00,191,0.0
696,0,0,75465.54000000001,75913.21,1,2018-02-14 00:00:00+00:00,168,0.0
697,0,0,51442.979999999996,52600.16,1,2018-06-12 00:00:00+00:00,50,0.0
698,0,0,22543.6,22955.04,1,2018-04-12 00:00:00+00:00,111,0.0
699,0,0,75969.87,78028.55,1,2018-05-18 00:00:00+00:00,75,0.0
700,0,0,13370.8,14951.99,1,2018-06-25 00:00:00+00:00,37,0.0
701,0,0,33731.73,33888.29,0,2018-02-20 00:00:00+00:00,162,0.0
702,0,0,103377.82,105132.48,1,2018-01-19 00:00:00+00:00,194,0.0
703,0,0,44651.03,45816.31,1,2018-03-26 00:00:00+00:00,128,0.0
704,0,0,26808.53,30494.0,1,2018-06-14 00:00:00+00:00,48,0.0
705,0,3,158757.43,171337.45,1,2018-02-21 00:00:00+00:00,161,0.0
706,0,0,96070.23,104919.78,1,2018-06-19 00:00:00+00:00,43,0.0
707,0,0,80924.1,81349.36,1,2018-02-12 00:00:00+00:00,170,0.0
708,0,0,77024.44,77461.42,1,2018-06-11 00:00:00+00:00,51,0.0
709,0,0,60575.16,64272.93,1,2018-06-21 00:00:00+00:00,41,0.0
710,0,0,22071.739999999998,22528.86,1,2018-06-18 00:00:00+00:00,44,0.0
711,0,0,36620.87,41679.04,1,2018-06-06 00:00:00+00:00,56,0.0
712,0,0,15249.119999999999,15559.29,1,2018-05-23 00:00:00+00:00,70,0.0
713,0,0,37997.29,39219.81,1,2018-04-20 00:00:00+00:00,103,0.0
714,0,0,18132.01,19976.94,1,2018-01-11 00:00:00+00:00,202,0.0
715,0,0,13485.56,14923.56,1,2018-06-25 00:00:00+00:00,37,0.0
716,0,0,46201.07,50106.44,1,2018-05-17 00:00:00+00:00,76,0.0
717,0,0,42927.62,43324.75,1,2018-04-04 00:00:00+00:00,119,0.0
718,0,0,119680.21,123350.43000000001,1,2018-06-22 00:00:00+00:00,40,0.0
719,0,0,30452.44,30661.02,1,2018-03-26 00:00:00+00:00,128,0.0
720,0,0,50403.13,51050.85,1,2018-05-03 00:00:00+00:00,90,0.0
722,0,0,52171.19,52412.63,0,2018-06-08 00:00:00+00:00,54,0.0
723,0,0,55244.56,56423.17,1,2018-06-21 00:00:00+00:00,41,0.0
724,0,0,13387.46,17168.72,1,2018-04-24 00:00:00+00:00,99,0.0
725,0,0,13782.5,15948.439999999999,1,2018-03-20 00:00:00+00:00,134,0.0
726,0,0,76917.93,85178.33,1,2018-05-23 00:00:00+00:00,70,0.0
727,0,0,30541.1,30931.08,1,2018-04-25 00:00:00+00:00,98,0.0
728,0,0,19602.2,20204.59,1,2018-01-30 00:00:00+00:00,183,0.0
729,0,0,67705.72,79119.56999999999,1,2018-05-15 00:00:00+00:00,78,0.0
730,0,0,7616.13,7879.9,1,2009-05-19 00:00:00+00:00,3361,0.0
731,0,0,85959.77,99056.02,1,2018-01-30 00:00:00+00:00,183,0.0
732,0,0,101271.84,102189.09,1,2018-03-30 00:00:00+00:00,124,0.0
733,0,0,194622.75,219394.74,1,2018-05-18 00:00:00+00:00,75,0.0
734,0,0,94118.85,94123.99,0,2018-06-13 00:00:00+00:00,49,0.0
735,0,0,32158.16,32459.4,1,2018-04-06 00:00:00+00:00,117,0.0
736,0,0,49823.72,50953.26,1,2018-04-11 00:00:00+00:00,112,0.0
737,0,0,80147.43000000001,91426.68000000001,1,2017-11-23 00:00:00+00:00,251,0.0
738,0,0,38100.44,38316.31,1,2018-01-19 00:00:00+00:00,194,0.0
739,0,0,59321.89,59797.619999999995,1,2018-03-13 00:00:00+00:00,141,0.0
740,0,0,16264.14,17962.9,1,2018-05-16 00:00:00+00:00,77,0.0
741,0,0,56774.71,57072.05,1,2018-01-18 00:00:00+00:00,195,0.0
742,0,0,95945.42,112055.86,1,2018-04-30 00:00:00+00:00,93,0.0
743,0,5,157082.93,160728.26,1,2018-02-22 00:00:00+00:00,160,0.0
744,0,0,22124.84,24467.89,1,2018-04-09 00:00:00+00:00,114,0.0
745,0,0,50821.03,51799.95,1,2018-02-27 00:00:00+00:00,155,0.0
746,0,0,7561.34,7772.62,1,2018-01-30 00:00:00+00:00,183,0.0
747,0,0,37642.38,37730.06,0,2018-02-28 00:00:00+00:00,154,0.0
748,0,0,45770.25,47626.24,1,2018-01-17 00:00:00+00:00,196,0.0
749,0,0,50989.09,59019.3,1,2018-05-10 00:00:00+00:00,83,0.0
750,0,0,27907.600000000002,28587.58,1,2018-03-12 00:00:00+00:00,142,0.0
751,0,0,42456.18,43493.64,1,2018-04-24 00:00:00+00:00,99,0.0
752,0,0,19525.31,19554.82,0,2018-01-24 00:00:00+00:00,189,0.0
753,0,0,50339.54,50417.67,0,2018-02-02 00:00:00+00:00,180,0.0
754,0,0,22660.84,25601.18,1,2018-04-09 00:00:00+00:00,114,0.0
755,0,0,13658.960000000001,13658.960000000001,0,2018-06-07 00:00:00+00:00,55,0.0
756,0,0,19146.53,19175.53,0,2018-02-18 00:00:00+00:00,164,0.0
757,0,0,73748.09,76453.15,1,2018-05-10 00:00:00+00:00,83,0.0
758,0,0,13427.15,15089.75,1,2018-06-12 00:00:00+00:00,50,0.0
759,0,0,138799.6,154693.95,1,2018-07-08 00:00:00+00:00,24,0.0
760,0,0,36917.69,40563.29,1,2018-06-29 00:00:00+00:00,33,0.0
761,0,0,55580.34,60282.13,1,2018-02-19 00:00:00+00:00,163,0.0
762,0,0,60650.33,66472.74,1,2018-03-22 00:00:00+00:00,132,0.0
763,0,4,653710.42,710025.23,1,2018-03-15 00:00:00+00:00,139,1.0
764,0,0,66703.15,75608.81,1,2018-04-18 00:00:00+00:00,105,0.0
765,0,0,17823.98,19678.13,1,2018-01-31 00:00:00+00:00,182,0.0
766,0,0,27349.15,30114.82,1,2018-03-07 00:00:00+00:00,147,0.0
768,0,0,128178.65,144968.52,1,2018-05-08 00:00:00+00:00,85,0.0
769,0,0,76689.15,84853.36,1,2018-05-15 00:00:00+00:00,78,0.0
770,0,0,6587.94,7509.509999999999,1,2018-01-24 00:00:00+00:00,189,0.0
771,0,0,46995.33,47390.93,1,2018-05-16 00:00:00+00:00,77,0.0
772,0,0,24751.88,27182.39,1,2018-05-15 00:00:00+00:00,78,0.0
773,0,0,48228.59,54701.22,1,2018-04-27 00:00:00+00:00,96,0.0
774,0,0,20692.59,20692.59,0,2018-05-15 00:00:00+00:00,78,0.0
775,0,0,36413.93,42477.9,1,2018-05-30 00:00:00+00:00,63,0.0
776,0,0,138137.77,139058.96,1,2018-06-15 00:00:00+00:00,47,0.0
777,0,0,13936.51,13950.34,0,2018-03-21 00:00:00+00:00,133,0.0
778,0,0,32689.93,37402.53,1,2018-02-15 00:00:00+00:00,167,0.0
779,0,0,59698.38,59798.49,0,2018-02-22 00:00:00+00:00,160,0.0
780,0,0,48638.65,57147.14,1,2018-06-12 00:00:00+00:00,50,0.0
781,0,0,38716.0,43870.0,1,2018-03-13 00:00:00+00:00,141,0.0
782,0,0,28745.06,31374.76,1,2018-01-18 00:00:00+00:00,195,0.0
783,0,1,97857.15,110942.0,1,2018-04-15 00:00:00+00:00,108,0.0
784,0,0,21371.8,23011.29,1,2018-02-27 00:00:00+00:00,155,0.0
785,0,0,25517.25,27681.44,1,2018-06-19 00:00:00+00:00,43,0.0
786,0,0,61508.53,61687.64,0,2018-02-19 00:00:00+00:00,163,0.0
787,0,0,33793.39,33832.1,0,2018-06-12 00:00:00+00:00,50,0.0
788,0,1,37712.32,41047.27,1,2018-02-27 00:00:00+00:00,155,0.0
789,0,0,54880.729999999996,55073.28,0,2018-04-30 00:00:00+00:00,93,0.0
790,1,3,40246.22,45717.700000000004,1,2018-01-29 00:00:00+00:00,184,0.0
791,0,0,143101.58,144046.6,1,2018-05-28 00:00:00+00:00,65,0.0
793,0,0,31049.7,31049.7,0,2018-04-09 00:00:00+00:00,114,0.0
794,0,0,15553.69,17484.24,1,2018-03-05 00:00:00+00:00,149,0.0
795,0,0,76292.26,78411.02,1,2018-04-13 00:00:00+00:00,110,0.0
796,0,0,40910.38,41949.35,1,2018-06-06 00:00:00+00:00,56,0.0
797,0,0,54155.99,61018.55,1,2018-03-09 00:00:00+00:00,145,0.0
798,0,0,11501.380000000001,11511.93,0,2018-04-27 00:00:00+00:00,96,0.0
799,0,0,23869.56,23928.46,0,2018-05-08 00:00:00+00:00,85,0.0
800,0,0,45848.97,53648.16,1,2018-01-19 00:00:00+00:00,194,0.0
801,0,0,211121.11000000002,217543.97,1,2018-01-12 00:00:00+00:00,201,0.0
802,0,0,18748.98,21148.34,1,2018-06-26 00:00:00+00:00,36,0.0
803,0,0,56937.25,62443.87,1,2018-01-30 00:00:00+00:00,183,0.0
804,0,0,31258.91,31261.96,0,2018-06-26 00:00:00+00:00,36,0.0
805,0,0,56112.28,57860.54,1,2018-06-04 00:00:00+00:00,58,0.0
806,0,0,58396.33,61575.7,1,2018-06-21 00:00:00+00:00,41,0.0
807,0,0,53663.18,54882.520000000004,1,2018-05-10 00:00:00+00:00,83,0.0
808,0,0,36899.09,41240.47,1,2018-02-23 00:00:00+00:00,159,0.0
809,0,0,26031.6,26132.850000000002,0,2018-04-05 00:00:00+00:00,118,0.0
810,0,0,27274.2,30079.739999999998,1,2018-03-16 00:00:00+00:00,138,0.0
811,0,0,66829.39,67458.4,1,2018-05-10 00:00:00+00:00,83,0.0
812,0,0,43337.54,43589.8,1,2018-04-23 00:00:00+00:00,100,0.0
813,0,0,33273.85,34198.97,1,2018-05-23 00:00:00+00:00,70,0.0
814,0,0,15591.07,17417.83,1,2018-07-05 00:00:00+00:00,27,0.0
815,0,0,80067.85,89773.78,1,2018-06-05 00:00:00+00:00,57,0.0
816,0,0,35127.0,36816.8,1,2018-03-20 00:00:00+00:00,134,0.0
817,0,0,28349.850000000002,32324.37,1,2018-06-19 00:00:00+00:00,43,0.0
818,0,0,24031.57,26228.63,1,2018-05-07 00:00:00+00:00,86,0.0
819,0,0,164808.71,199070.69,1,2018-04-03 00:00:00+00:00,120,0.0
820,0,0,32633.21,36066.68,1,2018-03-21 00:00:00+00:00,133,0.0
821,0,0,51518.42,52377.57,1,2018-06-12 00:00:00+00:00,50,0.0
822,0,5,59509.61,67255.59,1,2018-05-10 00:00:00+00:00,83,0.0
823,0,0,128987.16,129707.18000000001,1,2018-07-04 00:00:00+00:00,28,0.0
824,0,0,76629.12,77777.7,1,2018-06-22 00:00:00+00:00,40,0.0
825,0,0,50418.75,51299.31,1,2018-02-08 00:00:00+00:00,174,0.0
826,0,0,13330.76,14647.310000000001,1,2018-02-23 00:00:00+00:00,159,0.0
827,0,0,45759.2,46722.53,1,2018-02-20 00:00:00+00:00,162,0.0
828,0,0,19240.84,19279.73,0,2018-06-18 00:00:00+00:00,44,0.0
829,0,0,36387.020000000004,39098.56,1,2018-04-09 00:00:00+00:00,114,0.0
830,0,0,43666.85,48484.87,1,2018-04-20 00:00:00+00:00,103,0.0
831,0,0,53250.840000000004,54200.24,1,2018-06-15 00:00:00+00:00,47,0.0
832,0,0,45553.97,51386.9,1,2018-04-10 00:00:00+00:00,113,0.0
833,0,0,119431.42,119431.42,0,2018-03-22 00:00:00+00:00,132,0.0
835,0,1,5137.35,5138.46,0,2013-07-11 00:00:00+00:00,1847,0.0
836,0,1,243509.85,249519.43,1,2018-06-29 00:00:00+00:00,33,1.0
837,0,5,29737.13,34099.43,1,2018-06-25 00:00:00+00:00,37,0.0
